{
  "MSE": 8.040939428610727e-05,
  "RMSE": 0.008967128541852585,
  "MAE": 0.00612171133980155,
  "R2": -0.011037826538085938,
  "Correlation": -0.039266357493488835,
  "Direction_Accuracy": 0.4959349593495935
}