{
  "MSE": 7.955965602596435e-05,
  "RMSE": 0.00891962196653896,
  "MAE": 0.006060263683998502,
  "R2": -0.00035348237029508844,
  "Correlation": -0.06822346912861314,
  "Direction_Accuracy": 0.26422764227642276
}