{
  "MSE": 106053970.77388534,
  "RMSE": 10298.250859922055,
  "MAE": 10087.92346132343,
  "R2": -63.69365450286216,
  "Correlation": 0.029546192386953038,
  "Direction_Accuracy": 0.5284552845528455
}